weight_variant,mtow_t,mlw_t,mzfw_t,mrw_t,a330_343_certified,notes
WV000,212,174,164,212.9,no,
WV001,184,174,164,184.9,no,
WV002,212,177,167,212.9,yes,
WV003,215,177,167,215.9,yes,
WV004,209-215,182-177,172-167,209.9-215.9,yes,linear MTOW/MZFW trade-off
WV010,217,179,169,217.9,yes,
WV011,212,177,167,212.9,yes,
WV012,218,182,172,218.9,yes,
WV013,215,177,167,215.9,yes,
WV014,205,182,172,205.9,no,
WV020,230,185,173,230.9,yes,
WV022,233,187,175,233.9,yes,same limits as WV052; candidate for stock MSFS
WV024,205,185,173,205.9,yes,
WV025,217,179,169,217.9,no,
WV026,217,185,173,217.9,no,
WV027,198,185,173,198.9,no,
WV030,199,185,173,199.9,yes,
WV031,199,187,175,199.9,yes,
WV032,190,185,173,190.9,yes,
WV033,190,187,175,190.9,yes,
WV034,205,185,173,205.9,yes,
WV035,205,187,175,205.9,yes,
WV039,217,187,175,217.9,yes,
WV050,230,185,173,230.9,yes,
WV051,212,187,175,212.9,no,
WV052,233,187,175,233.9,yes,same limits as WV022; candidate for stock MSFS
WV053,205,185,173,205.9,no,
WV054,235,187,173,235.9,yes,
WV055,235,187,173-175,235.9,yes,dynamic payload between WV052 and WV054
WV056,205,187,175,205.9,yes,
WV057,184,174,164,184.9,yes,
WV058,215,187,173,215.9,yes,
WV059,217,185,173,217.9,no,
WV060,198,185,173,198.9,no,
WV080,238,187,175,238.9,yes,242t production standard family; centre tank optional (MOD 204025)
WV081,242,187,171,242.9,yes,project target; centre tank optional (MOD 204025)
WV082,242,187,171-175,242.9,yes,dynamic payload between WV080 and WV081
WV083,240,187,173,240.9,yes,
